{
  "project_info": {
    "project_number": "222077139158",
    "firebase_url": "https://mp-ocr-4520b.firebaseio.com",
    "project_id": "mp-ocr-4520b",
    "storage_bucket": "mp-ocr-4520b.appspot.com"
  },
  "client": [
    {
      "client_info": {
        "mobilesdk_app_id": "1:222077139158:android:b6e2b1d08f990ac880f177",
        "android_client_info": {
          "package_name": "com.example.android_tesstwo"
        }
      },
      "oauth_client": [
        {
          "client_id": "222077139158-dmql6r3r9q45okna5mnnrndk7fqmjnv3.apps.googleusercontent.com",
          "client_type": 3
        }
      ],
      "api_key": [
        {
          "current_key": "AIzaSyDFU0oOuCqE4y6taYg-Blrv5AigEHXI2cc"
        }
      ],
      "services": {
        "appinvite_service": {
          "other_platform_oauth_client": [
            {
              "client_id": "222077139158-dmql6r3r9q45okna5mnnrndk7fqmjnv3.apps.googleusercontent.com",
              "client_type": 3
            }
          ]
        }
      }
    }
  ],
  "configuration_version": "1"
}